BadName;Prob_Datum;Escherichia coli<br> (KBE/ 100 ml);Intestinale Enterokokken<br> (KBE/ 100 ml);Coliforme Bakterien <br>(KBE/ 100 ml);Sichttiefe <br> (m);Cyanobakterien Chl a <br>(µg/ l);Wassertemperatur <br> (°C);Aktuelle Warnhinweise;Weitere Informationen;Farbe
Sandhauser Straße;27.04.2026;<15;<15;<300;1,3;0,1;12,9;keine;keine;gruen
Bürgerablage;27.04.2026;<15;<15;<300;1,4;0,3;13;keine;keine;gruen
Tegeler See, Strandbad;27.04.2026;<15;15;<300;n.a.;0;13,1;keine;Wasserpflanzenansammlungen am Ufer meiden – können toxinbildende Blaualgen anhaften!;gruen
Tegeler See, gegenüber Scharfenberg;27.04.2026;<15;15;<300;2;0;13;keine;Wasserpflanzenansammlungen am Ufer meiden – können toxinbildende Blaualgen anhaften!;gruen
Tegeler See, gegenüber Reiswerder;27.04.2026;<15;<15;<300;1,3;0;12,6;keine;Wasserpflanzenansammlungen am Ufer meiden – können toxinbildende Blaualgen anhaften!;gruen
Tegeler See, Saatwinkel;27.04.2026;<15;<15;<300;> 1;0,9;13;keine;Wasserpflanzenansammlungen am Ufer meiden – können toxinbildende Blaualgen anhaften!;gruen
Tegeler See, Reiherwerder;27.04.2026;<15;<15;<300;> 1;0;12,7;keine;Wasserpflanzenansammlungen am Ufer meiden – können toxinbildende Blaualgen anhaften!;gruen
Kleine Badewiese;28.04.2026;30;15;360;1,6;0;13,2;keine;Blaualgenmassenentwicklungen im Hoch- und Spätsommer möglich;gruen_pognose
Grunewaldturm;28.04.2026;<15;15;<300;2;0;12,8;keine;Blaualgenmassenentwicklungen im Hoch- und Spätsommer möglich;gruen_pognose
Lieper Bucht;28.04.2026;15;<15;<300;2,4;0;12,4;keine;Blaualgenmassenentwicklungen im Hoch- und Spätsommer möglich;gruen_pognose
Breitehorn;28.04.2026;<15;<15;360;1,9;0;13;keine;keine;gruen_pognose
Große Steinlanke;28.04.2026;15;<15;<300;2,6;0;12,6;keine;keine;gruen
Alter Hof;28.04.2026;<15;<15;360;2,9;0;12,7;keine;keine;gruen
Radfahrerwiese;28.04.2026;<15;<15;<300;2,1;0;12,7;keine;Blaualgenmassenentwicklungen im Hoch- und Spätsommer möglich;gruen_pognose
Wannsee, Strandbad;28.04.2026;<15;<15;<300;2,1;0,1;12,3;keine;Blaualgenmassenentwicklungen im Hoch- und Spätsommer möglich;gruen
Teufelssee;29.04.2026;15;<15;360;> 1;0;13,1;keine;keine;gruen
Krumme Lanke;29.04.2026;<15;<15;<300;> 1;0;13;keine;keine;gruen
Schlachtensee;29.04.2026;<15;<15;<300;> 1;0;12,8;keine;keine;gruen
Kleiner Müggelsee;05.05.2026;15;<15;<300;1,7;0,1;17,5;keine;keine;gruen
Müggelsee, Strandbad;05.05.2026;<15;<15;<300;3;0;15,2;keine;keine;gruen
Friedrichshagen, Strandbad;05.05.2026;<15;<15;<300;>2,00;0;16,7;keine;keine;gruen
Schmöckwitz;05.05.2026;<15;<15;<300;0,8;5,1;17,6;keine;Blaualgenmassenentwicklungen im Hoch- und Spätsommer möglich;gruen
Seddinsee;05.05.2026;<15;<15;<300;1,9;0,7;17,7;keine;keine;gruen
Große Krampe;05.05.2026;<15;<15;<300;1,5;0,6;17,7;keine;keine;gruen
Bammelecke;05.05.2026;<15;<15;<300;1,4;0,6;17,9;keine;keine;gruen
Grünau, Strandbad;05.05.2026;<15;<15;<300;1,5;0,5;17,8;keine;keine;gruen
Wendenschloss, Strandbad;05.05.2026;<15;<15;<300;1,8;0,6;17,6;keine;Blaualgenmassenentwicklungen im Hoch- und Spätsommer möglich;gruen
Gartenstraße, Flussbad;05.05.2026;<15;<15;<300;1,6;0,3;17,6;keine;keine;gruen
Dämeritzsee;05.05.2026;n.a;n.a;n.a;1,2;n.a;17,8;;Nachkontrollen sind veranlasst.;k.A.
Orankesee, Strandbad;06.05.2026;61;<15;<300;n.a.;0;17,3;keine;keine;gruen
Weißensee, Strandbad;06.05.2026;30;<15;<300;> 1;0,2;16,9;keine;keine;gruen
Plötzensee, Strandbad;06.05.2026;<15;61;<300;>2,60;0,3;17,3;keine;keine;gruen
Flughafensee;06.05.2026;<15;<15;<300;> 1;0;17;keine;keine;gruen
Jungfernheide, Strandbad;06.05.2026;15;<15;<300;1,6;0;17,5;keine;keine;gruen
Heiligensee, Strandbad;06.05.2026;<15;<15;<300;>4,90;0,5;16,5;keine;keine;gruen
Lübars, Strandbad (Ziegeleisee);06.05.2026;15;312;<300;5;0,6;16,6;keine;keine;gruen
Halensee, Strandbad;07.05.2026;144;30;<300;1,6;0;15,4;keine;keine;gruen
Groß Glienicker See, nördlich;07.05.2026;15;<15;<300;> 1;0,6;14,8;keine;keine;gruen
Groß Glienicker See, südlich;07.05.2026;30;<15;<300;> 1;0,4;15,8;keine;keine;gruen
Kleine Badewiese;07.05.2026;1883;161;9300;> 1;0,5;15,3;Erhöhte Keimzahlwerte für Fäkalindikatoren;Mögliche bakterielle Verschmutzungen durch Starkregenereignisse;gelb_prognose
Grunewaldturm;07.05.2026;330;61;360;>1,60;0,6;14,9;keine;Blaualgenmassenentwicklungen im Hoch- und Spätsommer möglich;gruen_pognose
Lieper Bucht;07.05.2026;<15;<15;<300;> 1;0,8;14,4;keine;Blaualgenmassenentwicklungen im Hoch- und Spätsommer möglich;gruen_pognose
Breitehorn;07.05.2026;30;<15;<300;> 1;0,5;15,1;keine;keine;gruen_pognose
Radfahrerwiese;07.05.2026;<15;<15;<300;> 1;0,9;14,7;keine;Blaualgenmassenentwicklungen im Hoch- und Spätsommer möglich;gruen_pognose
Dämeritzsee;12.05.2026;94;30;<300;;;;keine;keine;gruen
Kleine Badewiese;12.05.2026;110;15;910;;;;keine;keine;gruen_pognose
Grunewaldturm;12.05.2026;143;15;360;;;;keine;Blaualgenmassenentwicklungen im Hoch- und Spätsommer möglich;gruen_pognose
Lieper Bucht;12.05.2026;30;<15;360;;;;keine;Blaualgenmassenentwicklungen im Hoch- und Spätsommer möglich;gruen_pognose
Breitehorn;12.05.2026;110;15;360;;;;keine;keine;gruen_pognose
Radfahrerwiese;12.05.2026;15;<15;<300;;;;keine;Blaualgenmassenentwicklungen im Hoch- und Spätsommer möglich;gruen_pognose
Sandhauser Straße;18.05.2026;<15;<15;<300;1,3;0,2;15,8;keine;keine;gruen
Bürgerablage;18.05.2026;<15;<15;<300;1,9;0,5;15,2;keine;keine;gruen
Tegeler See, Strandbad;18.05.2026;15;<15;<300;>2,00;0,5;16,5;keine;Wasserpflanzenansammlungen am Ufer meiden – können toxinbildende Blaualgen anhaften!;gruen
Tegeler See, gegenüber Scharfenberg;18.05.2026;<15;<15;<300;>2,00;0,1;16,5;keine;Wasserpflanzenansammlungen am Ufer meiden – können toxinbildende Blaualgen anhaften!;gruen
Tegeler See, gegenüber Reiswerder;18.05.2026;<15;<15;<300;1,4;0;15,1;keine;Wasserpflanzenansammlungen am Ufer meiden – können toxinbildende Blaualgen anhaften!;gruen
Tegeler See, Saatwinkel;18.05.2026;<15;<15;<300;> 1;0,2;15;keine;Wasserpflanzenansammlungen am Ufer meiden – können toxinbildende Blaualgen anhaften!;gruen
Tegeler See, Reiherwerder;18.05.2026;<15;30;360;>1,50;0,3;15,7;keine;Wasserpflanzenansammlungen am Ufer meiden – können toxinbildende Blaualgen anhaften!;gruen
Kleine Badewiese;19.05.2026;<15;<15;<300;1,9;0;16,4;keine;keine;gruen_pognose
Grunewaldturm;19.05.2026;<15;<15;<300;2,9;0,3;16,4;keine;keine;gruen_pognose
Lieper Bucht;19.05.2026;<15;<15;<300;4,1;0,5;16,2;keine;keine;gruen_pognose
Breitehorn;19.05.2026;<15;<15;<300;2,5;0,4;16,3;keine;keine;gruen_pognose
Große Steinlanke;19.05.2026;15;<15;<300;4,1;0,5;15,8;keine;keine;gruen
Alter Hof;19.05.2026;<15;<15;<300;3,1;0,3;15,6;keine;keine;gruen
Radfahrerwiese;19.05.2026;<15;<15;<300;3,9;0,5;16;keine;keine;gruen_pognose
Wannsee, Strandbad;19.05.2026;<15;<15;<300;1,9;0,5;15,7;keine;keine;gruen
Teufelssee;21.05.2026;46;<15;<300;> 1;0;16,5;keine;keine;gruen
Krumme Lanke;21.05.2026;<15;15;<300;> 1;0;18,1;keine;keine;gruen
Schlachtensee;21.05.2026;<15;<15;<300;> 1;0;17,8;keine;keine;gruen
Weißensee, Strandbad;26.05.2026;<15;<15;<300;> 1;0,8;21,9;keine;keine;gruen
Orankesee, Strandbad;26.05.2026;159;<15;360;1,7;0;22,5;keine;keine;gruen
Plötzensee, Strandbad;26.05.2026;<15;<15;<300;1,7;1,9;20,6;keine;keine;gruen
Flughafensee;26.05.2026;<15;15;<300;n.a.;1,1;21,6;keine;keine;gruen
Jungfernheide, Strandbad;26.05.2026;15;<15;<300;1,8;0;21,1;keine;Zerkarien möglich;gruen
Heiligensee, Strandbad;26.05.2026;<15;<15;<300;5;0;22;keine;keine;gruen
Lübars, Strandbad (Ziegeleisee);26.05.2026;15;15;<300;3,9;0,6;21,1;keine;keine;gruen
Dämeritzsee;27.05.2026;<15;<15;<300;1,2;0;21,3;keine;keine;gruen
Kleiner Müggelsee;27.05.2026;15;15;<300;2,1;0,3;21,4;keine;keine;gruen
Müggelsee, Strandbad;27.05.2026;<15;<15;<300;3,2;0,3;21;keine;keine;gruen
Friedrichshagen, Strandbad;27.05.2026;<15;<15;<300;2;0,2;20,2;keine;keine;gruen
Schmöckwitz;27.05.2026;<15;<15;<300;1;1,1;21,1;keine;keine;gruen
Seddinsee;27.05.2026;<15;<15;<300;2,2;0,5;21,2;keine;keine;gruen
Große Krampe;27.05.2026;15;<15;<300;1,5;0,3;21,5;keine;keine;gruen
Bammelecke;27.05.2026;<15;<15;<300;2,7;0,5;20,3;keine;keine;gruen
Grünau, Strandbad;27.05.2026;<15;<15;<300;2,6;0,6;20,2;keine;keine;gruen
Wendenschloss, Strandbad;27.05.2026;<15;<15;<300;1,9;0,5;20,5;keine;keine;gruen
Gartenstraße, Flussbad;27.05.2026;<15;<15;<300;1,8;0,2;21;keine;keine;gruen
Halensee, Strandbad;28.05.2026;<15;<15;<300;>1,60;0;21,5;keine;keine;gruen
Groß Glienicker See, nördlich;28.05.2026;<15;<15;<300;>1,00;2,5;21;keine;keine;gruen
Groß Glienicker See, südlich;28.05.2026;309;<15;360;>1,00;2,6;21,5;keine;keine;gruen
Kleine Badewiese;28.05.2026;15;<15;<300;>1,00;0,3;21;keine;keine;gruen_pognose
Grunewaldturm;28.05.2026;<15;<15;<300;<1,70;0,3;20,4;keine;keine;gruen_pognose
Lieper Bucht;28.05.2026;<15;15;<300;> 1;0,3;20,1;keine;keine;gruen_pognose
Breitehorn;28.05.2026;232;<15;360;>1,00;0;21,2;keine;keine;gruen_pognose
Radfahrerwiese;28.05.2026;<15;30;<300;> 1;0,4;20;keine;keine;gruen_pognose
Sandhauser Straße;01.06.2026;<15;<15;<300;1;1,4;21;keine;keine;gruen
Bürgerablage;01.06.2026;<15;<15;<300;1,2;1,3;21,4;keine;keine;gruen
Tegeler See, Strandbad;01.06.2026;15;<15;<300;>1,70;0;21,4;keine;Wasserpflanzenansammlungen am Ufer meiden – können toxinbildende Blaualgen anhaften!;gruen
Tegeler See, gegenüber Scharfenberg;01.06.2026;<15;<15;<300;>1,90;0,1;21,3;keine;Wasserpflanzenansammlungen am Ufer meiden – können toxinbildende Blaualgen anhaften!;gruen
Tegeler See, gegenüber Reiswerder;01.06.2026;15;<15;<300;1,3;0;20,8;keine;keine;gruen
Tegeler See, Saatwinkel;01.06.2026;<15;15;910;;0,8;21;keine;Wasserpflanzenansammlungen am Ufer meiden – können toxinbildende Blaualgen anhaften!;gruen
Tegeler See, Reiherwerder;01.06.2026;<15;<15;<300;> 1;0;21;keine;Wasserpflanzenansammlungen am Ufer meiden – können toxinbildende Blaualgen anhaften!;gruen
Kleine Badewiese;02.06.2026;<15;<15;<300;2;0,6;21,8;keine;keine;gruen_pognose
Grunewaldturm;02.06.2026;<15;<15;<300;1,7;0,8;21,6;keine;keine;gruen_pognose
Lieper Bucht;02.06.2026;<15;<15;<300;3;0,9;21,3;keine;keine;gruen_pognose
Breitehorn;02.06.2026;<15;<15;<300;2,7;0,6;21,9;keine;keine;gruen_pognose
Große Steinlanke;02.06.2026;<15;<15;<300;3,3;0,7;21,3;keine;keine;gruen
Alter Hof;02.06.2026;<15;<15;<300;1,7;0,1;21,8;keine;keine;gruen
Radfahrerwiese;02.06.2026;<15;<15;<300;2,2;0,8;21,8;keine;keine;gruen_pognose
Wannsee, Strandbad;02.06.2026;<15;<15;<300;>2,10;0,5;21,9;keine;keine;gruen
Teufelssee;03.06.2026;30;<15;<300;> 1;0;20,5;keine;Zerkarien möglich;gruen
Krumme Lanke;03.06.2026;93;<15;<300;> 1;0,1;21,5;keine;keine;gruen
Schlachtensee;03.06.2026;61;<15;360;> 1;0;21,5;keine;Zerkarien möglich;gruen
Dämeritzsee;09.06.2026;<15;<15;<300;0,7;0,4;20,3;keine;keine;gruen
Kleiner Müggelsee;09.06.2026;77;<15;<300;1,4;1,1;20,9;keine;keine;gruen
Müggelsee, Strandbad;09.06.2026;<15;<15;<300;2,2;0,3;19,3;keine;keine;gruen
Friedrichshagen, Strandbad;09.06.2026;<15;15;<300;2,2;0,3;20,9;keine;keine;gruen
Schmöckwitz;09.06.2026;<15;<15;<300;0,8;4,7;21,5;keine;keine;gruen
Seddinsee;09.06.2026;<15;15;<300;1,4;1,4;20,3;keine;keine;gruen
Große Krampe;09.06.2026;30;<15;<300;1,2;1,2;21,5;keine;keine;gruen
Bammelecke;09.06.2026;<15;<15;<300;1,2;1,3;20,4;keine;keine;gruen
Grünau, Strandbad;09.06.2026;<15;<15;<300;1,1;1,3;21,3;keine;keine;gruen
Wendenschloss, Strandbad;09.06.2026;15;<15;<300;1,1;1,1;21,4;keine;keine;gruen
Gartenstraße, Flussbad;09.06.2026;<15;<15;<300;1,7;0,4;21;keine;keine;gruen
Weißensee, Strandbad;10.06.2026;15;15;<300;>1,40;9,4;21,7;keine;Zerkarien möglich;gruen
Orankesee, Strandbad;10.06.2026;<15;15;<300;2,4;0;21,2;keine;keine;gruen
Plötzensee, Strandbad;10.06.2026;<15;<15;<300;>2,70;2,6;20,8;keine;keine;gruen
Flughafensee;10.06.2026;15;<15;<300;> 1;0;21;keine;Zerkarien möglich;gruen
Jungfernheide, Strandbad;10.06.2026;<15;15;<300;>2,20;0,4;20,9;keine;Zerkarien möglich;gruen
Heiligensee, Strandbad;10.06.2026;<15;<15;<300;3;0,4;21,3;keine;keine;gruen
Lübars, Strandbad (Ziegeleisee);10.06.2026;<15;15;<300;4,1;0,1;21,5;keine;keine;gruen
Halensee, Strandbad;11.06.2026;15;<15;<300;>1,70;0;21,1;keine;keine;gruen
Groß Glienicker See, nördlich;11.06.2026;<15;<15;<300;>1,00;17;21,5;Nach Starkregenfällen am Wochenende besteht die Gefahr einer kurzzeitigen mikrobiellen Verschmutzung.;größere Ansammlung von Wasserpflanzen/Pflanzenresten im Spülsaum, leicht eingeschränkte Sichttiefen;gelb
Groß Glienicker See, südlich;11.06.2026;15;<15;<300;>1,00;16;21,6;Nach Starkregenfällen am Wochenende besteht die Gefahr einer kurzzeitigen mikrobiellen Verschmutzung.;größere Ansammlung von Wasserpflanzen/Pflanzenresten im Spülsaum, leicht eingeschränkte Sichttiefen;gelb
Kleine Badewiese;11.06.2026;15;<15;<300;>1,00;0,6;21,1;keine;keine;gruen_pognose
Grunewaldturm;11.06.2026;<15;<15;<300;1;0,4;20,7;keine;keine;gruen_pognose
Lieper Bucht;11.06.2026;<15;<15;<300;>1,00;1,2;19,3;keine;keine;gruen_pognose
Breitehorn;11.06.2026;15;15;<300;>1,00;1,2;21,3;keine;keine;gruen_pognose
Radfahrerwiese;11.06.2026;287;30;360;>1,00;1,2;19,6;keine;keine;gruen_pognose
Sandhauser Straße;15.06.2026;<15;<15;<300;0,8;0,8;18,9;keine;keine;gruen
Bürgerablage;15.06.2026;<15;<15;<300;0,7;0,5;18,8;keine;keine;gruen
Tegeler See, Strandbad;15.06.2026;46;<15;<300;>1,80;0,2;18,3;keine;Wasserpflanzenansammlungen am Ufer meiden – können toxinbildende Blaualgen anhaften!;gruen
Tegeler See, gegenüber Scharfenberg;15.06.2026;<15;<15;<300;>1,90;0,2;18,3;keine;Wasserpflanzenansammlungen am Ufer meiden – können toxinbildende Blaualgen anhaften!;gruen
Tegeler See, gegenüber Reiswerder;15.06.2026;15;<15;<300;>1,30;0,4;17,9;keine;Zerkarien möglich;gruen
Tegeler See, Saatwinkel;15.06.2026;<15;<15;<300;> 1;0,2;18,2;keine;Zerkarien möglich;gruen
Tegeler See, Reiherwerder;15.06.2026;30;<15;<300;> 1;0,1;18,5;keine;Wasserpflanzenansammlungen am Ufer meiden – können toxinbildende Blaualgen anhaften!;gruen
Kleine Badewiese;17.06.2026;<15;15;<300;1,3;0,2;20,4;keine;keine;gruen_pognose
Grunewaldturm;17.06.2026;<15;<15;<300;1,4;0,5;19,7;keine;keine;gruen_pognose
Lieper Bucht;17.06.2026;<15;<15;<300;1,5;0,2;20,1;keine;keine;gruen_pognose
Breitehorn;17.06.2026;<15;<15;<300;1,4;0,9;19,9;keine;keine;gruen_pognose
Große Steinlanke;17.06.2026;<15;<15;<300;1,5;0,4;19,8;keine;keine;gruen
Alter Hof;17.06.2026;<15;<15;<300;1,4;0,1;19,8;keine;keine;gruen
Radfahrerwiese;17.06.2026;<15;<15;<300;1,4;0,2;19,9;keine;keine;gruen_pognose
Wannsee, Strandbad;17.06.2026;<15;<15;<300;1,6;0,3;19,5;keine;Vermehrtes Wachstum von Wasserpflanzen;gruen
Teufelssee;18.06.2026;<15;<15;<300;> 1;0;21,3;keine;Zerkarien möglich;gruen
Krumme Lanke;18.06.2026;253;61;360;> 1;0;21,4;keine;Zerkarien möglich;gruen
Schlachtensee;18.06.2026;15;<15;<300;> 1;0;21,4;keine;Zerkarien möglich;gruen
Dämeritzsee;22.06.2026;<15;<15;<300;1,2;0,1;23,7;keine;keine;gruen
Kleiner Müggelsee;22.06.2026;30;<15;<300;1,5;0;23,3;keine;keine;gruen
Müggelsee, Strandbad;22.06.2026;<15;<15;<300;2,2;0;21,3;keine;keine;gruen
Friedrichshagen, Strandbad;22.06.2026;15;<15;<300;2,7;0,1;22,2;keine;keine;gruen
Schmöckwitz;22.06.2026;30;61;<300;0,8;4;23,4;keine;keine;gruen
Seddinsee;22.06.2026;15;<15;<300;1,2;0,5;23,8;keine;keine;gruen
Große Krampe;22.06.2026;30;<15;<300;1,8;1,4;23,7;keine;keine;gruen
Bammelecke;22.06.2026;15;<15;<300;1,7;1,3;23,7;keine;keine;gruen
Grünau, Strandbad;22.06.2026;<15;<15;<300;1,7;1,1;23,7;keine;keine;gruen
Wendenschloss, Strandbad;22.06.2026;30;<15;<300;1,4;0,9;24,2;keine;keine;gruen
Gartenstraße, Flussbad;22.06.2026;46;<15;360;1,5;0,4;24;keine;keine;gruen
Weißensee, Strandbad;24.06.2026;30;15;910;>0,80;0;25,9;keine;keine;gruen
Plötzensee, Strandbad;24.06.2026;<15;15;<300;1,3;0,7;25,4;keine;keine;gruen
Flughafensee;24.06.2026;740;109;2300;> 1;0,7;25,3;keine;keine;gruen
Jungfernheide, Strandbad;24.06.2026;<15;<15;<300;1,9;1,3;25,3;keine;keine;gruen
Heiligensee, Strandbad;24.06.2026;<15;<15;<300;2,3;1,6;25,2;keine;keine;gruen
Lübars, Strandbad (Ziegeleisee);24.06.2026;30;<15;<300;3,5;0,7;25;keine;keine;gruen
Halensee, Strandbad;25.06.2026;<15;<15;<300;1,6;0;28,1;keine;keine;gruen
Groß Glienicker See, nördlich;25.06.2026;15;<15;<300;>1,00;22;27,5;Durch den Überstau in der Trennkanalisation besteht nach den Starkregenfällen am letzten Wochenende die Gefahr einer kurzzeitigen mikrobiellen Verschmutzung. Weitere Untersuchungen finden statt.;Die gemessenen Blaualgentoxine lagen unter der Bestimmungsgrenze. Dennoch trüben Blaualgen das Wasser und schränken die Sichttiefe ein. Zudem wird das Baden und Schwimmen durch ein ausgeprägtes Wachstum von Wasserpflanzen (keine Blaualgen) erschwert.;gelb
Groß Glienicker See, südlich;25.06.2026;77;61;<300;>1,00;18;28,7;Durch den Überstau in der Trennkanalisation besteht nach den Starkregenfällen am letzten Wochenende die Gefahr einer kurzzeitigen mikrobiellen Verschmutzung. Weitere Untersuchungen finden statt.;Die gemessenen Blaualgentoxine lagen unter der Bestimmungsgrenze. Dennoch trüben Blaualgen das Wasser und schränken die Sichttiefe ein. Zudem wird das Baden und Schwimmen durch ein ausgeprägtes Wachstum von Wasserpflanzen (keine Blaualgen) erschwert.;gelb
Kleine Badewiese;25.06.2026;<15;<15;<300;> 1;1,6;26,9;keine;keine;gruen_pognose
Grunewaldturm;25.06.2026;<15;<15;<300;>1,50;2,1;26,4;keine;keine;gruen_pognose
Lieper Bucht;25.06.2026;15;<15;<300;>1,00;1,8;25,9;keine;keine;gruen_pognose
Breitehorn;25.06.2026;92;<15;<300;<1,00;2,4;27,8;keine;keine;gruen_pognose
Radfahrerwiese;25.06.2026;30;<15;<300;>1,00;2,7;26,6;keine;keine;gruen_pognose
Orankesee, Strandbad;30.06.2026;61;15;360;;;;keine;keine;gruen
Teufelssee;30.06.2026;232;30;<300;< 1;0;25,4;keine;Zerkarien möglich;gruen
Krumme Lanke;30.06.2026;15;15;<300;> 1;0,5;27;keine;Zerkarien möglich;gruen
Schlachtensee;30.06.2026;<15;<15;<300;> 1;0;27,2;keine;Zerkarien möglich;gruen
Groß Glienicker See, nördlich;01.07.2026;<15;<15;<300;<1;;25,9;keine;Vermehrt Blaualgen vorhanden. Die gemessenen Blaualgen-Toxinkonzentrationen liegen weit unter dem UBA-Leitwert. Zudem wird das Baden und Schwimmen durch ein ausgeprägtes Wachstum von Wasserpflanzen erschwert.;gruen
Groß Glienicker See, südlich;01.07.2026;94;<15;360;>1;;26,7;keine;Vermehrt Blaualgen vorhanden. Die gemessenen Blaualgen-Toxinkonzentrationen liegen weit unter dem UBA-Leitwert. Zudem wird das Baden und Schwimmen durch ein ausgeprägtes Wachstum von Wasserpflanzen erschwert.;gruen
Dämeritzsee;07.07.2026;<15;<15;<300;0,6;1,1;20,2;keine;keine;gruen
Kleiner Müggelsee;07.07.2026;<15;<15;<300;1,1;1,3;20,2;keine;keine;gruen
Müggelsee, Strandbad;07.07.2026;<15;<15;<300;1,4;1,8;19,9;keine;keine;gruen
Friedrichshagen, Strandbad;07.07.2026;15;<15;<300;1,2;1;20,1;keine;keine;gruen
Schmöckwitz;07.07.2026;<15;<15;<300;0,7;4,6;20,8;keine;keine;gruen
Seddinsee;07.07.2026;<15;15;<300;0,9;1,8;20,9;keine;keine;gruen
Große Krampe;07.07.2026;<15;<15;<300;0,7;1,3;21,1;keine;keine;gruen
Bammelecke;07.07.2026;<15;<15;<300;0,8;2,6;20,9;keine;keine;gruen
Grünau, Strandbad;07.07.2026;<15;15;<300;1;2,1;20,8;keine;keine;gruen
Wendenschloss, Strandbad;07.07.2026;<15;<15;<300;0,9;1,8;20,8;keine;keine;gruen
Gartenstraße, Flussbad;07.07.2026;15;<15;<300;1;0,9;20,8;keine;keine;gruen
Weißensee, Strandbad;08.07.2026;15;30;360;>0,80;0;22;keine;keine;gruen
Orankesee, Strandbad;08.07.2026;<15;<15;<300;2,2;0;21,6;keine;keine;gruen
Plötzensee, Strandbad;08.07.2026;<15;15;<300;1;1,1;21;keine;keine;gruen
Flughafensee;08.07.2026;61;<15;360;> 1;0,2;21,2;keine;keine;gruen
Jungfernheide, Strandbad;08.07.2026;15;61;<300;>2,30;0,2;20,7;keine;keine;gruen
Heiligensee, Strandbad;08.07.2026;15;<15;<300;1,9;3,2;20,7;keine;keine;gruen
Lübars, Strandbad (Ziegeleisee);08.07.2026;93;15;<300;1,8;3,7;21,6;keine;keine;gruen
Halensee, Strandbad;08.07.2026;<15;<15;<300;1,3;0,8;21,4;keine;keine;gruen
Tegeler See, gegenüber Scharfenberg;08.07.2026;<15;<15;<300;> 1;1,3;21,1;keine;keine;gruen
Tegeler See, gegenüber Reiswerder;08.07.2026;<15;<15;<300;> 1;0,3;20,5;keine;keine;gruen
Tegeler See, Saatwinkel;08.07.2026;<15;<15;<300;> 1;3,1;20,4;keine;keine;gruen
Tegeler See, Reiherwerder;08.07.2026;<15;<15;<300;> 1;0;21;keine;keine;gruen
Groß Glienicker See, nördlich;09.07.2026;<15;<15;<300;> 1;15;20,2;;Vermehrt Blaualgen vorhanden. Die gemessenen Blaualgen-Toxinkonzentrationen liegen weit unter den UBA-Leitwerten.;gruen
Groß Glienicker See, südlich;09.07.2026;<15;<15;<300;> 1;;20,1;keine;Vermehrt Blaualgen vorhanden. Die gemessenen Blaualgen-Toxinkonzentrationen liegen weit unter den UBA-Leitwerten.;gruen
Kleine Badewiese;09.07.2026;161;232;2300;< 1;9,4;20,6;keine;keine;gruen_pognose
Grunewaldturm;09.07.2026;<15;<15;<300;0,9;3,3;20,8;keine;Blaualgenmassenentwicklungen im Hoch- und Spätsommer möglich;gruen_pognose
Lieper Bucht;09.07.2026;15;<15;<300;> 1;4,8;20,9;keine;Blaualgenmassenentwicklungen im Hoch- und Spätsommer möglich;gruen_pognose
Breitehorn;09.07.2026;<15;15;<300;> 1;7,2;20,6;keine;Blaualgenmassenentwicklungen im Hoch- und Spätsommer möglich;gruen_pognose
Radfahrerwiese;09.07.2026;<15;61;<300;< 1;20;19,8;keine;Vermehrt Blaualgen vorhanden. Gemäß UBA-Empfehlung finden zusätzliche Untersuchugen auf Blaualgen-Toxine statt.;gruen_pognose
Alter Hof;09.07.2026;77;30;2300;1,5;1,4;20,9;keine;keine;gruen
Wannsee, Strandbad;09.07.2026;<15;<15;<300;>1,20;2,7;20,5;keine;Vermehrtes Wachstum von Wasserpflanzen;gruen
Sandhauser Straße;13.07.2026;<15;<15;<300;0,8;10;23,7;keine;keine;gruen
Bürgerablage;13.07.2026;15;<15;<300;0,8;12;23,4;keine;keine;gruen
Tegeler See, Strandbad;13.07.2026;<15;<15;<300;1,8;5,4;23;keine;keine;gruen
Tegeler See, gegenüber Scharfenberg;13.07.2026;<15;<15;<300;1,5;6,5;22,8;keine;keine;gruen
Tegeler See, gegenüber Reiswerder;13.07.2026;15;<15;<300;2,2;0;23,3;keine;keine;gruen
Tegeler See, Saatwinkel;13.07.2026;<15;<15;<300;1,6;0,1;23,5;keine;keine;gruen
Tegeler See, Reiherwerder;13.07.2026;<15;<15;<300;2,3;0,1;22,7;keine;keine;gruen
