BadName;Bezirk;Profil;RSS_Name;Latitude;Longitude;ProfilLink;BadestelleLink;Dat;Sicht;Eco;Ente;Farbe;BSL;Algen;Wasserqualitaet;cb;Temp;PDFLink;PrognoseLink;Farb_ID;Bemerkung;Weitere_Hinweise;Wasserqualitaet_predict;Dat_predict;FARB_ID;Wasserqualitaet_lageso;p2_5;p50;p90;p95;p97_5;classification
Alter Hof;Steglitz-Zehlendorf;Unterhavel;Alter Hof / Havel;52,432705;13,142278;"""Unterhavel - Alter Hof(Link zum Badegewässerprofil Unterhavel Alter Hof)"":/lageso/gesundheit/gesundheitsschutz/badegewaesser/badegewaesserprofile/artikel.339134.php";https://www.berlin.de/lageso/gesundheit/gesundheitsschutz/badegewaesser/badestellen/artikel.344360.php;09.07.2026;1,5;77;30;gruen.jpg;B334;;1;2300;20,9;"""Alle Probeentnamen der aktuellen Saison für diese Badestelle(Link zur PDF-Datei mit allen Probeentnamen der aktuellen Saison)"":https://data.lageso.de/lageso/baden/bad29.pdf";;1;keine;keine;nicht zutreffend;;1;1;;;;;;
Bammelecke;Treptow-Köpenick;Dahme;Bammelecke;52,407498;13,622537;"""Dahme - Bammelecke(Link zum Badegewässerprofil Bammelecke)"":/lageso/gesundheit/gesundheitsschutz/badegewaesser/badegewaesserprofile/artikel.339118.php";https://www.berlin.de/lageso/gesundheit/gesundheitsschutz/badegewaesser/badestellen/artikel.344320.php;07.07.2026;0,8;<15;<15;gruen.jpg;B225;;1;<300;20,9;"""Alle Probeentnamen der aktuellen Saison für diese Badestelle(Link zur PDF-Datei mit allen Probeentnamen der aktuellen Saison)"":https://data.lageso.de/lageso/baden/bad1.pdf";;1;keine;keine;nicht zutreffend;;1;1;;;;;;
Breitehorn;Spandau;Unterhavel;Breitehorn / Havel;52,465753;13,179797;"""Unterhavel - Breitehorn(Link zum Badegewässerprofil Unterhavel Breithorn)"":/lageso/gesundheit/gesundheitsschutz/badegewaesser/badegewaesserprofile/artikel.339130.php";https://www.berlin.de/lageso/gesundheit/gesundheitsschutz/badegewaesser/badestellen/artikel.344350.php;09.07.2026;> 1;<15;15;gruen_prog.jpg;B332;;11;<300;20,6;"""Alle Probeentnamen der aktuellen Saison für diese Badestelle(Link zur PDF-Datei mit allen Probeentnamen der aktuellen Saison)"":https://data.lageso.de/lageso/baden/bad30.pdf";"""Erklärung zum Frühwarnsystem(Link zur Erklärung zum Frühwarnsystem)"":http://www.berlin.de/lageso/gesundheit/gesundheitsschutz/badegewaesser/fruehwarnsystem-unterhavel/index.php";11;keine;Blaualgenmassenentwicklungen im Hoch- und Spätsommer möglich;ausgezeichnet;2026-07-19;11;11;0,582654846418401;1,1538124349067167;1,5272723083908974;1,6331429932211994;1,7249700233950322;ausgezeichnet
Bürgerablage;Spandau;Oberhavel;Bürgerablage / Havel;52,584988;13,211244;"""Oberhavel - Bürgerablage(Link zum Badegewässerprofil Bürgerablage)"":/lageso/gesundheit/gesundheitsschutz/badegewaesser/badegewaesserprofile/artikel.339123.php";https://www.berlin.de/lageso/gesundheit/gesundheitsschutz/badegewaesser/badestellen/artikel.344337.php;13.07.2026;0,8;15;<15;gruen.jpg;B304;;1;<300;23,4;"""Alle Probeentnamen der aktuellen Saison für diese Badestelle(Link zur PDF-Datei mit allen Probeentnamen der aktuellen Saison)"":https://data.lageso.de/lageso/baden/bad16.pdf";;1;keine;keine;nicht zutreffend;;1;1;;;;;;
Dämeritzsee;Treptow-Köpenick;Großer Müggelsee;Dämeritzsee;52,42692;13,735113;"""Großer Müggelsee - Dämeritzsee(Link zum Badegewässerprofil Dämeritzsee)"":/lageso/gesundheit/gesundheitsschutz/badegewaesser/badegewaesserprofile/artikel.339107.php";https://www.berlin.de/lageso/gesundheit/gesundheitsschutz/badegewaesser/badestellen/artikel.344321.php;07.07.2026;0,6;<15;<15;gruen.jpg;B105;;1;<300;20,2;"""Alle Probeentnamen der aktuellen Saison für diese Badestelle(Link zur PDF-Datei mit allen Probeentnamen der aktuellen Saison)"":https://data.lageso.de/lageso/baden/bad2.pdf";;1;keine;keine;nicht zutreffend;;1;1;;;;;;
Flughafensee;Reinickendorf;Flughafensee;Flughafensee;52,569786;13,284889;"""Flughafensee - Flughafensee(Link zum Badegewässerprofil Flughafensee)"":/lageso/gesundheit/gesundheitsschutz/badegewaesser/badegewaesserprofile/artikel.339146.php";https://www.berlin.de/lageso/gesundheit/gesundheitsschutz/badegewaesser/badestellen/artikel.344334.php;08.07.2026;> 1;61;<15;gruen.jpg;B920;;1;360;21,2;"""Alle Probeentnamen der aktuellen Saison für diese Badestelle(Link zur PDF-Datei mit allen Probeentnamen der aktuellen Saison)"":https://data.lageso.de/lageso/baden/bad3.pdf";;1;keine;keine;nicht zutreffend;;1;1;;;;;;
Friedrichshagen, Strandbad;Treptow-Köpenick;Großer Müggelsee;Strandbad Friedrichshagen;52,445836;13,630692;"""Seebad Friedrichshagen(Link zum Badegewässerprofil Seebad Friedrichshagen)"":/lageso/gesundheit/gesundheitsschutz/badegewaesser/badegewaesserprofile/artikel.339113.php";https://www.berlin.de/lageso/gesundheit/gesundheitsschutz/badegewaesser/badestellen/artikel.344322.php;07.07.2026;1,2;15;<15;gruen.jpg;B118;;1;<300;20,1;"""Alle Probeentnamen der aktuellen Saison für diese Badestelle(Link zur PDF-Datei mit allen Probeentnamen der aktuellen Saison)"":https://data.lageso.de/lageso/baden/bad4.pdf";;1;keine;keine;nicht zutreffend;;1;1;;;;;;
Gartenstraße, Flussbad;Treptow-Köpenick;Dahme;Flussbad Gartenstraße;52,44094;13,575727;"""Dahme - Flussbad Gartenstraße(Link zum Badegewässerprofil Flußbad Gartenstraße)"":/lageso/gesundheit/gesundheitsschutz/badegewaesser/badegewaesserprofile/artikel.339121.php";https://www.berlin.de/lageso/gesundheit/gesundheitsschutz/badegewaesser/badestellen/artikel.344323.php;07.07.2026;1;15;<15;gruen.jpg;B230;;1;<300;20,8;"""Alle Probeentnamen der aktuellen Saison für diese Badestelle(Link zur PDF-Datei mit allen Probeentnamen der aktuellen Saison)"":https://data.lageso.de/lageso/baden/bad5.pdf";;1;keine;keine;nicht zutreffend;;1;1;;;;;;
Groß Glienicker See, nördlich;Spandau;Groß Glienicker See;Groß Glienicker See, nördlich;52,471755;13,118568;"""Groß Glienicker See - Groß Glienicker See, nördlich(Link zum Groß Glienicker See nördlich)"":/lageso/gesundheit/gesundheitsschutz/badegewaesser/badegewaesserprofile/artikel.339153.php";https://www.berlin.de/lageso/gesundheit/gesundheitsschutz/badegewaesser/badestellen/artikel.344340.php;09.07.2026;> 1;<15;<15;gruen.jpg;B961;;1;<300;20,2;"""Alle Probeentnamen der aktuellen Saison für diese Badestelle(Link zur PDF-Datei mit allen Probeentnamen der aktuellen Saison)"":https://data.lageso.de/lageso/baden/bad6.pdf";;1;;Vermehrt Blaualgen vorhanden. Die gemessenen Blaualgen-Toxinkonzentrationen liegen weit unter den UBA-Leitwerten.;nicht zutreffend;;1;1;;;;;;
Groß Glienicker See, südlich;Spandau;Groß Glienicker See;Groß Glienicker See, südlich;52,460362;13,114633;"""Groß Glienicker See - Groß Glienicker See, südlich(Link zum Groß Glienicker See südlich)"":/lageso/gesundheit/gesundheitsschutz/badegewaesser/badegewaesserprofile/artikel.339154.php";https://www.berlin.de/lageso/gesundheit/gesundheitsschutz/badegewaesser/badestellen/artikel.344338.php;09.07.2026;> 1;<15;<15;gruen.jpg;B962;;1;<300;20,1;"""Alle Probeentnamen der aktuellen Saison für diese Badestelle(Link zur PDF-Datei mit allen Probeentnamen der aktuellen Saison)"":https://data.lageso.de/lageso/baden/bad7.pdf";;1;keine;Vermehrt Blaualgen vorhanden. Die gemessenen Blaualgen-Toxinkonzentrationen liegen weit unter den UBA-Leitwerten.;nicht zutreffend;;1;1;;;;;;
Große Krampe;Treptow-Köpenick;Dahme;Große Krampe;52,389494;13,65238;"""Dahme - Große Krampe(Link zum Badegewässerprofil Große Krampe)"":/lageso/gesundheit/gesundheitsschutz/badegewaesser/badegewaesserprofile/artikel.339117.php";https://www.berlin.de/lageso/gesundheit/gesundheitsschutz/badegewaesser/badestellen/artikel.344326.php;07.07.2026;0,7;<15;<15;gruen.jpg;B224;;1;<300;21,1;"""Alle Probeentnamen der aktuellen Saison für diese Badestelle(Link zur PDF-Datei mit allen Probeentnamen der aktuellen Saison)"":https://data.lageso.de/lageso/baden/bad8.pdf";;1;keine;keine;nicht zutreffend;;1;1;;;;;;
Große Steinlanke;Steglitz-Zehlendorf;Unterhavel;Große Steinlanke / Havel;52,450773;13,190224;"""Unterhavel - Große Steinlanke(Link zum Badegewässerprofil Unterhavel Steinlanke)"":/lageso/gesundheit/gesundheitsschutz/badegewaesser/badegewaesserprofile/artikel.339133.php";https://www.berlin.de/lageso/gesundheit/gesundheitsschutz/badegewaesser/badestellen/artikel.344362.php;17.06.2026;1,5;<15;<15;gruen.jpg;B333;;1;<300;19,8;"""Alle Probeentnamen der aktuellen Saison für diese Badestelle(Link zur PDF-Datei mit allen Probeentnamen der aktuellen Saison)"":https://data.lageso.de/lageso/baden/bad31.pdf";;1;keine;keine;nicht zutreffend;;1;1;;;;;;
Grünau, Strandbad;Treptow-Köpenick;Dahme;Strandbad Grünau;52,408983;13,607215;"""Dahme - Freibad Grünau(Link zum Badegewässerprofil Freibad Grünau)"":/lageso/gesundheit/gesundheitsschutz/badegewaesser/badegewaesserprofile/artikel.339119.php";https://www.berlin.de/lageso/gesundheit/gesundheitsschutz/badegewaesser/badestellen/artikel.344325.php;07.07.2026;1;<15;15;gruen.jpg;B226;;1;<300;20,8;"""Alle Probeentnamen der aktuellen Saison für diese Badestelle(Link zur PDF-Datei mit allen Probeentnamen der aktuellen Saison)"":https://data.lageso.de/lageso/baden/bad9.pdf";;1;keine;keine;nicht zutreffend;;1;1;;;;;;
Grunewaldturm;Charlottenburg-Wilmersdorf;Unterhavel;Grunewaldturm / Havel;52,482197;13,194703;"""Unterhavel - Grunewaldturm(Link zum Badegewässerprofil Unterhavel Grunewaldturm)"":/lageso/gesundheit/gesundheitsschutz/badegewaesser/badegewaesserprofile/artikel.339131.php";https://www.berlin.de/lageso/gesundheit/gesundheitsschutz/badegewaesser/badestellen/artikel.344359.php;09.07.2026;0,9;<15;<15;gruen_prog.jpg;B330;;11;<300;20,8;"""Alle Probeentnamen der aktuellen Saison für diese Badestelle(Link zur PDF-Datei mit allen Probeentnamen der aktuellen Saison)"":https://data.lageso.de/lageso/baden/bad32.pdf";"""Erklärung zum Frühwarnsystem(Link zur Erklärung zum Frühwarnsystem)"":http://www.berlin.de/lageso/gesundheit/gesundheitsschutz/badegewaesser/fruehwarnsystem-unterhavel/index.php";11;keine;Blaualgenmassenentwicklungen im Hoch- und Spätsommer möglich;ausgezeichnet;2026-07-19;11;11;0,34873040887371975;1,119363192624708;1,6232528856324264;1,766098611948235;1,8899959763756962;ausgezeichnet
Halensee, Strandbad;Charlottenburg-Wilmersdorf;Halensee;Strandbad Halensee;52,494533;13,281842;"""Halensee - Halensee(Link zum Badegewässerprofil Halensee)"":/lageso/gesundheit/gesundheitsschutz/badegewaesser/badegewaesserprofile/artikel.468919.php";https://www.berlin.de/lageso/gesundheit/gesundheitsschutz/badegewaesser/badestellen/artikel.468922.php;08.07.2026;1,3;<15;<15;gruen.jpg;B930;;1;<300;21,4;"""Alle Probeentnamen der aktuellen Saison für diese Badestelle(Link zur PDF-Datei mit allen Probeentnamen der aktuellen Saison)"":https://data.lageso.de/lageso/baden/bad39.pdf";;1;keine;keine;nicht zutreffend;;1;1;;;;;;
Heiligensee, Strandbad;Reinickendorf;Heiligensee;Strandbad Heiligensee;52,60045;13,212969;"""Heiligensee - Freibad Heiligensee(Link zum Badegewässerprofil Freibad Heiligensee)"":/lageso/gesundheit/gesundheitsschutz/badegewaesser/badegewaesserprofile/artikel.339147.php";https://www.berlin.de/lageso/gesundheit/gesundheitsschutz/badegewaesser/badestellen/artikel.344335.php;08.07.2026;1,9;15;<15;gruen.jpg;B925;;1;<300;20,7;"""Alle Probeentnamen der aktuellen Saison für diese Badestelle(Link zur PDF-Datei mit allen Probeentnamen der aktuellen Saison)"":https://data.lageso.de/lageso/baden/bad10.pdf";;1;keine;keine;nicht zutreffend;;1;1;;;;;;
Jungfernheide, Strandbad;Charlottenburg-Wilmersdorf;Jungfernheideteich;Strandbad Jungfernheide;52,543708;13,274666;"""Jungfernheideteich - Freibad Jungfernheide(Link zum Badegewässerprofil Freibad Jungfernheide)"":/lageso/gesundheit/gesundheitsschutz/badegewaesser/badegewaesserprofile/artikel.339149.php";https://www.berlin.de/lageso/gesundheit/gesundheitsschutz/badegewaesser/badestellen/artikel.344352.php;08.07.2026;>2,30;15;61;gruen.jpg;B922;;1;<300;20,7;"""Alle Probeentnamen der aktuellen Saison für diese Badestelle(Link zur PDF-Datei mit allen Probeentnamen der aktuellen Saison)"":https://data.lageso.de/lageso/baden/bad11.pdf";;1;keine;keine;nicht zutreffend;;1;1;;;;;;
Kleine Badewiese;Spandau;Unterhavel;Kleine Badewiese / Havel;52,484177;13,18595;"""Unterhavel - Kleine Badewiese(Link zum Badegewässerprofil Unterhavel Kleine Badewiese)"":/lageso/gesundheit/gesundheitsschutz/badegewaesser/badegewaesserprofile/artikel.339129.php";https://www.berlin.de/lageso/gesundheit/gesundheitsschutz/badegewaesser/badestellen/artikel.344351.php;09.07.2026;< 1;161;232;gruen_prog.jpg;B329;;11;2300;20,6;"""Alle Probeentnamen der aktuellen Saison für diese Badestelle(Link zur PDF-Datei mit allen Probeentnamen der aktuellen Saison)"":https://data.lageso.de/lageso/baden/bad33.pdf";"""Erklärung zum Frühwarnsystem(Link zur Erklärung zum Frühwarnsystem)"":http://www.berlin.de/lageso/gesundheit/gesundheitsschutz/badegewaesser/fruehwarnsystem-unterhavel/index.php";11;keine;keine;ausgezeichnet;2026-07-19;11;11;0,5450025623336876;1,4892858618776728;2,106719524125401;2,28175338800373;2,4335691614216577;ausgezeichnet
Kleiner Müggelsee;Treptow-Köpenick;Großer Müggelsee;Kleiner Müggelsee;52,428217;13,677621;"""Großer Müggelsee - Kleiner Müggelsee(Link zum Badegewässerprofil Kleiner Müggelsee)"":/lageso/gesundheit/gesundheitsschutz/badegewaesser/badegewaesserprofile/artikel.386749.php";https://www.berlin.de/lageso/gesundheit/gesundheitsschutz/badegewaesser/badestellen/artikel.344328.php;07.07.2026;1,1;<15;<15;gruen.jpg;B112;;1;<300;20,2;"""Alle Probeentnamen der aktuellen Saison für diese Badestelle(Link zur PDF-Datei mit allen Probeentnamen der aktuellen Saison)"":https://data.lageso.de/lageso/baden/bad12.pdf";;1;keine;keine;nicht zutreffend;;1;1;;;;;;
Krumme Lanke;Steglitz-Zehlendorf;Grunewaldseen;Krumme Lanke;52,45219;13,232416;"""Grunewaldseen - Krumme Lanke(Link zum Badegewässerprofil Krumme Lanke)"":/lageso/gesundheit/gesundheitsschutz/badegewaesser/badegewaesserprofile/artikel.339151.php";https://www.berlin.de/lageso/gesundheit/gesundheitsschutz/badegewaesser/badestellen/artikel.344355.php;30.06.2026;> 1;15;15;gruen.jpg;B950;;1;<300;27;"""Alle Probeentnamen der aktuellen Saison für diese Badestelle(Link zur PDF-Datei mit allen Probeentnamen der aktuellen Saison)"":https://data.lageso.de/lageso/baden/bad13.pdf";;1;keine;Zerkarien möglich;nicht zutreffend;;1;1;;;;;;
Lieper Bucht;Steglitz-Zehlendorf;Unterhavel;Lieper Bucht / Havel;52,469332;13,196721;"""Unterhavel - Lieper Bucht(Link zum Badegewässerprofil Unterhavel Lieper Bucht)"":/lageso/gesundheit/gesundheitsschutz/badegewaesser/badegewaesserprofile/artikel.339132.php";https://www.berlin.de/lageso/gesundheit/gesundheitsschutz/badegewaesser/badestellen/artikel.344358.php;09.07.2026;> 1;15;<15;gruen_prog.jpg;B331;;11;<300;20,9;"""Alle Probeentnamen der aktuellen Saison für diese Badestelle(Link zur PDF-Datei mit allen Probeentnamen der aktuellen Saison)"":https://data.lageso.de/lageso/baden/bad34.pdf";"""Erklärung zum Frühwarnsystem(Link zur Erklärung zum Frühwarnsystem)"":http://www.berlin.de/lageso/gesundheit/gesundheitsschutz/badegewaesser/fruehwarnsystem-unterhavel/index.php";11;keine;Blaualgenmassenentwicklungen im Hoch- und Spätsommer möglich;gut;2026-07-19;11;11;0,5615791852286791;1,7335734405505718;2,4998992937623683;2,7171420248911113;2,905567695872464;gut
Lübars, Strandbad (Ziegeleisee);Reinickendorf;Ziegeleisee;Strandbad Lübars (Ziegeleisee);52,61795;13,336049;"""Ziegeleisee - Freibad Lübars Ziegeleisee (Link zum Badegewässerprofil Ziegeleisee)"":/lageso/gesundheit/gesundheitsschutz/badegewaesser/badegewaesserprofile/artikel.339148.php";https://www.berlin.de/lageso/gesundheit/gesundheitsschutz/badegewaesser/badestellen/artikel.344336.php;08.07.2026;1,8;93;15;gruen.jpg;B926;;1;<300;21,6;"""Alle Probeentnamen der aktuellen Saison für diese Badestelle(Link zur PDF-Datei mit allen Probeentnamen der aktuellen Saison)"":https://data.lageso.de/lageso/baden/bad14.pdf";;1;keine;keine;nicht zutreffend;;1;1;;;;;;
Müggelsee, Strandbad;Treptow-Köpenick;Großer Müggelsee;Strandbad Müggelsee;52,444719;13,675901;"""Großer Müggelsee - Strandbad Müggelsee(Link zum Badegewässerprofil Strandbad Müggelsee)"":/lageso/gesundheit/gesundheitsschutz/badegewaesser/badegewaesserprofile/artikel.339112.php";https://www.berlin.de/lageso/gesundheit/gesundheitsschutz/badegewaesser/badestellen/artikel.344329.php;07.07.2026;1,4;<15;<15;gruen.jpg;B116;;1;<300;19,9;"""Alle Probeentnamen der aktuellen Saison für diese Badestelle(Link zur PDF-Datei mit allen Probeentnamen der aktuellen Saison)"":https://data.lageso.de/lageso/baden/bad15.pdf";;1;keine;keine;nicht zutreffend;;1;1;;;;;;
Orankesee, Strandbad;Lichtenberg;Orankesee;Strandbad Orankesee;52,549596;13,484255;"""Orankesee - Strandbad Orankesee(Link zum Badegewässerprofil Orankesee)"":/lageso/gesundheit/gesundheitsschutz/badegewaesser/badegewaesserprofile/artikel.339144.php";https://www.berlin.de/lageso/gesundheit/gesundheitsschutz/badegewaesser/badestellen/artikel.347246.php;08.07.2026;2,2;<15;<15;gruen.jpg;B911;;1;<300;21,6;"""Alle Probeentnamen der aktuellen Saison für diese Badestelle(Link zur PDF-Datei mit allen Probeentnamen der aktuellen Saison)"":https://data.lageso.de/lageso/baden/bad18.pdf";;1;keine;keine;nicht zutreffend;;1;1;;;;;;
Plötzensee, Strandbad;Mitte;Plötzensee;Strandbad Plötzensee;52,543601;13,32923;"""Plötzensee - Freibad Plötzensee(Link zum Badegewässerprofil Freibad Plötzensee)"":/lageso/gesundheit/gesundheitsschutz/badegewaesser/badegewaesserprofile/artikel.339145.php";https://www.berlin.de/lageso/gesundheit/gesundheitsschutz/badegewaesser/badestellen/artikel.344353.php;08.07.2026;1;<15;15;gruen.jpg;B915;;1;<300;21;"""Alle Probeentnamen der aktuellen Saison für diese Badestelle(Link zur PDF-Datei mit allen Probeentnamen der aktuellen Saison)"":https://data.lageso.de/lageso/baden/bad19.pdf";;1;keine;keine;nicht zutreffend;;1;1;;;;;;
Radfahrerwiese;Steglitz-Zehlendorf;Unterhavel;Radfahrerwiese / Havel;52,458612;13,189634;"""Unterhavel - Radfahrerwiese(Link zum Badegewässerprofil Unterhavel Radfahrerwiese)"":/lageso/gesundheit/gesundheitsschutz/badegewaesser/badegewaesserprofile/artikel.339135.php";https://www.berlin.de/lageso/gesundheit/gesundheitsschutz/badegewaesser/badestellen/artikel.344357.php;09.07.2026;< 1;<15;61;gruen_prog.jpg;B336;;11;<300;19,8;"""Alle Probeentnamen der aktuellen Saison für diese Badestelle(Link zur PDF-Datei mit allen Probeentnamen der aktuellen Saison)"":https://data.lageso.de/lageso/baden/bad35.pdf";"""Erklärung zum Frühwarnsystem(Link zur Erklärung zum Frühwarnsystem)"":http://www.berlin.de/lageso/gesundheit/gesundheitsschutz/badegewaesser/fruehwarnsystem-unterhavel/index.php";11;keine;Vermehrt Blaualgen vorhanden. Gemäß UBA-Empfehlung finden zusätzliche Untersuchugen auf Blaualgen-Toxine statt.;ausgezeichnet;2026-07-19;11;11;0,5134772691161286;1,1407263679012813;1,5508625086034753;1,6671304055657377;1,767975466686434;ausgezeichnet
Sandhauser Straße;Reinickendorf;Oberhavel;Sandhauser Straße / Havel;52,594572;13,220866;"""Oberhavel - Sandhauser Straße(Link zum Badegewässerprofil Sandhauser Staße)"":/lageso/gesundheit/gesundheitsschutz/badegewaesser/badegewaesserprofile/artikel.339122.php";https://www.berlin.de/lageso/gesundheit/gesundheitsschutz/badegewaesser/badestellen/artikel.344341.php;13.07.2026;0,8;<15;<15;gruen.jpg;B302;;1;<300;23,7;"""Alle Probeentnamen der aktuellen Saison für diese Badestelle(Link zur PDF-Datei mit allen Probeentnamen der aktuellen Saison)"":https://data.lageso.de/lageso/baden/bad17.pdf";;1;keine;keine;nicht zutreffend;;1;1;;;;;;
Schlachtensee;Steglitz-Zehlendorf;Grunewaldseen;Schlachtensee;52,443358;13,217128;"""Grunewaldseen - Schlachtensee(Link zum Badegewässerprofil Schlachtensee)"":/lageso/gesundheit/gesundheitsschutz/badegewaesser/badegewaesserprofile/artikel.339152.php";https://www.berlin.de/lageso/gesundheit/gesundheitsschutz/badegewaesser/badestellen/artikel.344356.php;30.06.2026;> 1;<15;<15;gruen.jpg;B955;;1;<300;27,2;"""Alle Probeentnamen der aktuellen Saison für diese Badestelle(Link zur PDF-Datei mit allen Probeentnamen der aktuellen Saison)"":https://data.lageso.de/lageso/baden/bad20.pdf";;1;keine;Zerkarien möglich;nicht zutreffend;;1;1;;;;;;
Schmöckwitz;Treptow-Köpenick;Dahme;Schmöckwitz;52,373237;13,653285;"""Dahme - Schmöckwitz(Link zum Badegewässerprofil Dahme Schmöckwitz)"":/lageso/gesundheit/gesundheitsschutz/badegewaesser/badegewaesserprofile/artikel.339114.php";https://www.berlin.de/lageso/gesundheit/gesundheitsschutz/badegewaesser/badestellen/artikel.344331.php;07.07.2026;0,7;<15;<15;gruen.jpg;B215;;1;<300;20,8;"""Alle Probeentnamen der aktuellen Saison für diese Badestelle(Link zur PDF-Datei mit allen Probeentnamen der aktuellen Saison)"":https://data.lageso.de/lageso/baden/bad21.pdf";;1;keine;keine;nicht zutreffend;;1;1;;;;;;
Seddinsee;Treptow-Köpenick;Dahme;Seddinsee;52,387203;13,685492;"""Dahme - Seddinsee(Link zum Badegewässerprofil Dahme Seddinsee)"":/lageso/gesundheit/gesundheitsschutz/badegewaesser/badegewaesserprofile/artikel.339116.php";https://www.berlin.de/lageso/gesundheit/gesundheitsschutz/badegewaesser/badestellen/artikel.344332.php;07.07.2026;0,9;<15;15;gruen.jpg;B220;;1;<300;20,9;"""Alle Probeentnamen der aktuellen Saison für diese Badestelle(Link zur PDF-Datei mit allen Probeentnamen der aktuellen Saison)"":https://data.lageso.de/lageso/baden/bad22.pdf";;1;keine;keine;nicht zutreffend;;1;1;;;;;;
Tegeler See, Strandbad;Reinickendorf;Tegeler See;Strandbad Tegeler See;52,577838;13,245277;"""Tegler See - Freibad Tegeler See(Link zum Badegewässerprofil Freibad Tegeler See)"":/lageso/gesundheit/gesundheitsschutz/badegewaesser/badegewaesserprofile/artikel.339124.php";https://www.berlin.de/lageso/gesundheit/gesundheitsschutz/badegewaesser/badestellen/artikel.344343.php;13.07.2026;1,8;<15;<15;gruen.jpg;B309;;1;<300;23;"""Alle Probeentnamen der aktuellen Saison für diese Badestelle(Link zur PDF-Datei mit allen Probeentnamen der aktuellen Saison)"":https://data.lageso.de/lageso/baden/bad23.pdf";;1;keine;keine;nicht zutreffend;;1;1;;;;;;
Tegeler See, gegenüber Reiswerder;Reinickendorf;Tegeler See;gegenüber Reiswerder / Tegeler See;52,568188;13,256018;"""Tegler See - gegenüber Reiswerder(Link zum Badegewässerprofil Tegeler See gegenüber Reiserwerder)"":/lageso/gesundheit/gesundheitsschutz/badegewaesser/badegewaesserprofile/artikel.339126.php";https://www.berlin.de/lageso/gesundheit/gesundheitsschutz/badegewaesser/badestellen/artikel.344345.php;13.07.2026;2,2;15;<15;gruen.jpg;B312;;1;<300;23,3;"""Alle Probeentnamen der aktuellen Saison für diese Badestelle(Link zur PDF-Datei mit allen Probeentnamen der aktuellen Saison)"":https://data.lageso.de/lageso/baden/bad24.pdf";;1;keine;keine;nicht zutreffend;;1;1;;;;;;
Tegeler See, gegenüber Scharfenberg;Reinickendorf;Tegeler See;gegenüber Scharfenberg / Tegeler See;52,575719;13,244252;"""Tegler See - gegenüber Scharfenberg(Link zum Badegewässerprofil Tegeler See gegenüber Scharfenberg)"":/lageso/gesundheit/gesundheitsschutz/badegewaesser/badegewaesserprofile/artikel.339125.php";https://www.berlin.de/lageso/gesundheit/gesundheitsschutz/badegewaesser/badestellen/artikel.344348.php;13.07.2026;1,5;<15;<15;gruen.jpg;B311;;1;<300;22,8;"""Alle Probeentnamen der aktuellen Saison für diese Badestelle(Link zur PDF-Datei mit allen Probeentnamen der aktuellen Saison)"":https://data.lageso.de/lageso/baden/bad25.pdf";;1;keine;keine;nicht zutreffend;;1;1;;;;;;
Tegeler See, Reiherwerder;Reinickendorf;Tegeler See;Reiherwerder / Tegeler See;52,585638;13,255193;"""Tegler See - Reiherwerder(Link zum Badegewässerprofil Tegeler See  Reiherwerder)"":/lageso/gesundheit/gesundheitsschutz/badegewaesser/badegewaesserprofile/artikel.339128.php";https://www.berlin.de/lageso/gesundheit/gesundheitsschutz/badegewaesser/badestellen/artikel.344344.php;13.07.2026;2,3;<15;<15;gruen.jpg;B314;;1;<300;22,7;"""Alle Probeentnamen der aktuellen Saison für diese Badestelle(Link zur PDF-Datei mit allen Probeentnamen der aktuellen Saison)"":https://data.lageso.de/lageso/baden/bad26.pdf";;1;keine;keine;nicht zutreffend;;1;1;;;;;;
Tegeler See, Saatwinkel;Reinickendorf;Tegeler See;Saatwinkel / Tegeler See;52,56216;13,246842;"""Tegler See - Saatwinkel(Link zum Badegewässerprofil Tegeler See Saatwinkel)"":/lageso/gesundheit/gesundheitsschutz/badegewaesser/badegewaesserprofile/artikel.339127.php";https://www.berlin.de/lageso/gesundheit/gesundheitsschutz/badegewaesser/badestellen/artikel.344349.php;13.07.2026;1,6;<15;<15;gruen.jpg;B313;;1;<300;23,5;"""Alle Probeentnamen der aktuellen Saison für diese Badestelle(Link zur PDF-Datei mit allen Probeentnamen der aktuellen Saison)"":https://data.lageso.de/lageso/baden/bad27.pdf";;1;keine;keine;nicht zutreffend;;1;1;;;;;;
Teufelssee;Charlottenburg-Wilmersdorf;Teufelssee;Teufelssee;52,490609;13,234497;"""Teufelssee - Teufelssee(Link zum Badegewässerprofil Teufelssee)"":/lageso/gesundheit/gesundheitsschutz/badegewaesser/badegewaesserprofile/artikel.339150.php";https://www.berlin.de/lageso/gesundheit/gesundheitsschutz/badegewaesser/badestellen/artikel.344363.php;30.06.2026;< 1;232;30;gruen.jpg;B936;;1;<300;25,4;"""Alle Probeentnamen der aktuellen Saison für diese Badestelle(Link zur PDF-Datei mit allen Probeentnamen der aktuellen Saison)"":https://data.lageso.de/lageso/baden/bad28.pdf";;1;keine;Zerkarien möglich;nicht zutreffend;;1;1;;;;;;
Wannsee, Strandbad;Steglitz-Zehlendorf;Unterhavel;Strandbad Wannsee;52,438898;13,176804;"""Unterhavel - Strandbad Wannsee(Link zum Badegewässerprofil Unterhavel Strandbad Wannsee)"":/lageso/gesundheit/gesundheitsschutz/badegewaesser/badegewaesserprofile/artikel.339136.php";https://www.berlin.de/lageso/gesundheit/gesundheitsschutz/badegewaesser/badestellen/artikel.344361.php;09.07.2026;>1,20;<15;<15;gruen.jpg;B350;;1;<300;20,5;"""Alle Probeentnamen der aktuellen Saison für diese Badestelle(Link zur PDF-Datei mit allen Probeentnamen der aktuellen Saison)"":https://data.lageso.de/lageso/baden/bad36.pdf";;1;keine;Vermehrtes Wachstum von Wasserpflanzen;nicht zutreffend;;1;1;;;;;;
Weißensee, Strandbad;Pankow;Weißer See;Strandbad Weißensee;52,553957;13,465588;"""Weißer See - Seebadeanstalt Weißensee(Link zum Badegewässerprofil Weisser See)"":/lageso/gesundheit/gesundheitsschutz/badegewaesser/badegewaesserprofile/artikel.339137.php";https://www.berlin.de/lageso/gesundheit/gesundheitsschutz/badegewaesser/badestellen/artikel.344318.php;08.07.2026;>0,80;15;30;gruen.jpg;B910;;1;360;22;"""Alle Probeentnamen der aktuellen Saison für diese Badestelle(Link zur PDF-Datei mit allen Probeentnamen der aktuellen Saison)"":https://data.lageso.de/lageso/baden/bad37.pdf";;1;keine;keine;nicht zutreffend;;1;1;;;;;;
Wendenschloss, Strandbad;Treptow-Köpenick;Dahme;Strandbad Wendenschloss;52,415144;13,600317;"""Dahme - Freibad Wendenschloss(Link zum Badegewässerprofil Freibad Wendenschloss)"":/lageso/gesundheit/gesundheitsschutz/badegewaesser/badegewaesserprofile/artikel.339120.php";https://www.berlin.de/lageso/gesundheit/gesundheitsschutz/badegewaesser/badestellen/artikel.344333.php;07.07.2026;0,9;<15;<15;gruen.jpg;B227;;1;<300;20,8;"""Alle Probeentnamen der aktuellen Saison für diese Badestelle(Link zur PDF-Datei mit allen Probeentnamen der aktuellen Saison)"":https://data.lageso.de/lageso/baden/bad38.pdf";;1;keine;keine;nicht zutreffend;;1;1;;;;;;
